ADDARIO;SYLVELIE;1;20;12;2020;20;20;1;30;jen sais rien;
AGESTA;HODAYFA;
AGHOUILES;L�MUEL;
AICHAOUI;DJEFFREY;
AIGLEMONT;HEENA;
AIRIEAU;ANIELA;
ALABRE;MAELLYNE;
ALANDI;ALFIYA;
ALMAGRO;KATTIA;
ALPHONSE;SHANAELLE;
ALVES DE ARAUJO;ISBERGUE;
AMAS;WADIA;1;24;12;2023;23;30;2;30;pere noel;
AMIRBACASSE MOHADI;LANDRY;
AMORAVAIN;YVES-PIERRE;
AMOURABEN;CIHAD;
AMPOSTA;FERDAWS;
ANDRESY;AZALIA;
ANDROUIN;ALESSANDRO;
ANSALDO;TAILA;
ANZEMBERG;CEVAN;
AOUACHE;HAJARE;
ARBAN;THOMASSINE;
ARBUS;HUSEIN;
ARRI;HABI;
ARSABAN;MILJAN;
ATHANE;FOULQUES;
ATTEIA;ELOIS;
AUCHAT;GILLIA;
AURADE;KAYLI;
AUTOUR;TIDIANY;
AVANANDE;TEGGY;
BACHAUMARD;DANITCHA;
BACZKOWSKI;ROMANO;
BAJIC;DURDANE;
BALCAEN;GERRY;
BALIGAND;MAHDIYA;
BALNY;BOGUSLAW;
BALOUIN;LAURYNN;
BANEGAS;ALTINO;
BARAY;BIRSEN;
BARBEYRON;FEZA;
BARCELLA;RENETTE;
BARCET;TIFEN;
BARFUSS;LISIANE;
BARRADE;KENANN;
BARTHOLOMO;KELLEN;
BASCOUGNET;WARICK;
BATISTA;MERRYL;
BATTAREL;YACOB;
BATTISTEL;ERSIN;
BAUMGARTEN;SOPHIE-CHARLOTTE;
BEATRE;MARIE-H�L�NE;
BEDOUX;FATYM;
BEDROSSIAN;STEVIA;
BEELS;ISRA�;
BEGUERY;MEILYN;
BEJA;SELMANE;
BELONDRADE;SIBELLA;
BELUS;GALIT;
BELUS;MILOS;
BENEDICT;NYIMA;
BENHADDOUCHE;MARIA-LOUISA;
BENNAT;SYRIANA;
BENOISTE;ANELYSE;
BERNARDES;MAILYNN;
BERNOVILLE;VA;
BERROY;CYNDELLE;
BERTHEMET;ELTON;
BERTHET-RAYNE;AYOUBE;
BERTHILLON;ANTHEA;
BERTIN-GUYON;TEXANE;
BETAILLON;LOWENN;
BETTIG;ALEYNA;
BEYRIN;MANOUCHKA;
BICHARD;OMEYA;
BIELLMANN;ASIM;
BIGORRE;FRANCE-LINE;
BILIONIERE;MILAINE;
BIMBAUD;MARC-ALBERT;
BIOGEAU;DORIANE;
BIROUCHE;ARIAH;
BITTIGER;CHEICK-OUMAR;
BLANCHEMIN;GIULLIA;
BLASSIAUX;DELIO;
BLEJEAN;ILANA;
BLEVINAL;AUXILIA;
BLITTE;LIANTSOA;
BLOCK;KAMILLIA;
BLONCE;GHAYTH;
BOBER;ANGE-MICHEL;
BOCCEDA;PERAN;
BODE;AUDREN;
BOEUFGRAS;ASTRIDE;
BOHLI;NAYLAN;
BOLCHERT;MICHEL-FRAN�OIS;
BOMPAY;ALCINDA;
BONAITI;ILIZABETE;
BONNAL;BRENAN;
BONNUS;ALMAZ;
BONOMIE-AMORT;IVRIN;
BORDES;HOUSSEN;
BORDREUIL;MILAYA;
BORTOLETTI;CHAHRA-ZED;
BOSELLI;PAULINO;
BOSMON;MORWENN;
BOTERFF;BOYI;
BOUCHENAF;LAALIA;
BOUCHI;TASNYM;
BOUCRAUT;FAIZE;
BOUFROUKH;DELFINE;
BOUGRAT;HOUSSINE;
BOUGUETTAYA;ELVAN;
BOULAY;ETIENNETTE;
BOULIEZ;MAYRINE;
BOUNEKHLA;AOI;
BOUQUENIAUX;HELEANA;
BOURBONNOIS;DIANE-MARIE;
BOURCILLIER;KALY;
BOURICHA;REN�E-CLAUDE;
BOUSSINOT;BUSRA;
BOUTHELOUP;THIA;
BOYART;THIMOTEE;
BOZONNAT;IDORA;
BRASSINE;ZIHA;
BREDAT;ASCHLEY;
BREMA;JIBRIL;
BREU;AYAAN;
BRIDOU;CASSILIA;
BRIGHI;DEHYA;
BRIVEZAC;CHAYANN;
BRIZZI;DERHEN;
BROUILLONNET;BAPTISTE;
BRUCHMANN;WILEM;
BRUSSE;ODRAN;
BRYSSE;DIVIN;
BUISSON-CHAVOT;KATHLEEN;
BULLANT;THAIS;
BURCKERT;BASILISSE;
BUSIGNIES;MARILINA;
BUYS;JILDAZ;
CABAL;KHADYDIATOU;
CABALD;GINESA;
CABAN;HADJE;
CABAZ;YANEK;
CABIANCA;CIZIA;
CABO;JOHAINA;
CABUY;XAVERINE;
CABUZEL;�VANG�LINE;
CAILLIET;SHALIMAR;
CALVANUS;DERVIS;
CAMBACEDES;FRANCE-MAY;
CAMPEON;CLEMENCIA;
CAPDEBOSCQ;IZET;
CAPELOT;LAZREG;
CAPUCH;BAROUKH;
CARANOBE;DYLON;
CARDILLO;ELOM;
CARRAND;MATANE;
CASSUS-COUSSERE;M�LYO;
CASTEIG;ULYSSE;
CASTELLOTTO;L�CA;
CASTELLOTTO;SCHOLASTIQUE;
CASTINEIRAS;DIAMANTINA;
CATTEZ;DAILA;
CAZAJOU;PADOUE;
CAZALOT;CHARLES-ALBERT;
CECIRE;MARIA-ANNA;
CELIK;JOEY;
CENES;MARI-WENN;
CERATO;ABIBATA;
CHABARY MUTUARI;KL�ANE;
CHABLAIS;ABDELOUAHID;
CHADELAUD;NANSA;
CHAFA;MARIAMA;
CHALOUM;JOHANNICK;
CHAMPES;ELIAV;
CHAMPEYROUX;SLOWANN;
CHAMPIEUX;ZO�;
CHANOURDIE;SIMON-PIERRE;
CHARDELAIN;COLLINE;
CHARDONNERET;LETICIA;
CHARTRON;HENYA;
CHARUE;CALLIE;
CHATTE;ITTO;
CHATY;LE�TO;
CHAUSSIDIERE;MILINA;
CHAUVIE;MEYRONN;
CHAVENEAU;VANNINA;
CHAVEY;AMANI;
CHEDAILLE;SIRYNE;
CHERRUAULT;LYDWINE;
CHIAPPINI;LEYLIA;
CHICHIGNOUD;CHERINE;
CHILAYEE;RAPHA�LA;
CHOISIE;HERMANDE;
CHOUYA;ZO�;
CIMINELLI;SILVIO;
CIROTTEAU;NIYAH;
CLOGENSON;LIDIANA;
CLUSAN;ABDOUL-HALIM;
COCQUERELLE;FERAT;
COFFE;ILDEPHONSE;
COGNEC;ADORA;
COLBE;EARINE;
COLCHEN;RANIM;
COLET;FRAN�OIS-JOSEPH;
COMTET;KINGSTON;
CONTRERAS;DAYENA;
COORENAERT;NOURDINE;
CORDIER;JOSELENE;
CORDONATTO;SLOWANN;
CORDONIN;SECIL;
CORETTE;MASSARAN;
CORINO;HERMAN;
CORNARD;TIMOTHEI;
COTREZ;NYLS;
COUACOU;ADORATION;
COUFFIGNAL;MAFANTA;
COURAIT;HIMANE;
COURIAUT;NIVES;
COURTIEN;YOHANE;
COURTIGNE;DJEMAA;
COUTACHOT;ROSANGELA;
COZEMA;YBAN;
COZILIS;BABAK;
COZOGUIER;TIGA;
COZON;DILA;
CRAPS;LEALINE;
CROUTE;SHA�NEZ;
CRUBILHE;NEVEN;
CUABOS;TIDJAN;
CUNIS;SHARI;
CURADO;CHARINO;
CURELLI;OMERE;
DABASSE;RAFICK;
DABRIGEON;LILOUE;
DA COSTA SOARES;LYLIO;
DACQMINE;JOS�-MIGUEL;
DAGUIN;TOUNSIA;
DAHEUILLE;JUSTINE;
DAMEVIN;JUNEYD;
DAMITIO;NAYIR;
DANGON;M�LIK;
DANN;JULLY;
DARRAMON;DEMPSEY;
DAST;DGINO;
DAUCE;SYLVIANA;
DAUCHEL;MAELANE;
DAUDRY;YVES-NO�L;
DAUPHINA;FLORIANNE;
DAUSSEUR;ILY;
DAVIO;BETTIE;
DEBACKER;ST;
DE BOISVILLIERS;HARMAN;
DEBRUGE;MUHAMMET-ALI;
DEBUSE;MARIE-OMBELINE;
DECAMPEAUX;EPHRAIM;
DECHOMET;LAYANE;
DECOULEUR;AMANN;
DEFARGUES;ELOISA;
DEFOND;MOMAR;
DEGALLAIX;NIBEL;
DEGROISSE;ALYSHA;
DELAFENETRE;VITOR;
DELAILLE;TEHINA;
DELECROIX;ANOUSHA;
DELESSE;JONNATHAN;
DELEUTRE;ARNOULT;
DELEZIR;MOHAMED-TAHA;
DELICQUE;RAEL;
DELTA;MALICE;
DEMAUDE;HILARIE;
DEMBLOCQUE;AZILIS;
DEMOGET;K�SIA;
DEMORGNY;FLEURETTE;
DEMOTTIER;DEBRA;
DENNIN;AISATA;
DENNOUN;JOS�-CARLOS;
DENOUEIX;MARIE-NOEMIE;
DEPARNAY;M�GHAN;
DERBANE;AKHIM;
DERUMIER;ANIK;
DESAYVRE;LA�LYA;
DESCOIN;CLIFTON;
DES MOUTIS;SAJID;
DESPESSAILLES;NAW�LLE;
DESQUESNE;NATHAL�NE;
DESRAMAUX;SAYAN;
DESTANDAU;DARON;
DESTIERDT;TIHAM;
DETROYAT;VIJAY;
DEVERAUX;MONNA;
DEVILLECHABROLLE;ARDA;
DE VITO;GEORGES-ANDR�;
DE VREESE;DENICE;
DEWIGNE;AUREGAN;
DEYZIEUX;GEORDY;
DIABIRA;BRUNEAU;
DI BENEDETTO;SYANN;
DI GUISTO;SAUVANE;
DI LIEGRO;DAMIENE;
DINQUEL;ADALGISA;
DINTERICH;�N�LYA;
DINTILLAC;GURHAN;
DIOUANI;RICCI;
DIOURIS;TEWFIK;
DISCALA;BORRIS;
DJELLOUL DAOUADJI;A�LIA;
DJEROUAT;MOHAMED-YOUSSEF;
DJERRAR;DEAN;
DOLHAGARAY;LATIF;
DOLIGET;AURIELLE;
DONAT;A�MEN;
DONIE;VALENS;
DONNEY;MEYLIE;
DORCE;GW�NOLA;
DORLANNE;RAHMAN;
DOSOGNE;TIGUIDANK�;
DOST;�LIANNA;
DOUNIEZ;YUL;
DRAECK;MARIE-JOE;
DREVON;KANDICE;
DRISSI;DALILA;
DROLE;ALIA;
DUBOULOZ-MONET;MELIK;
DUDEK;DODJI;
DUFOURNAUD;JUANA-MARIA;
DUFRIEN;AJLA;
DUGOUR;BULLE;
DUGRES;ANISH;
DUHENNOIS;CALY;
DUJUS;MAXIMO;
DU LAURENT DE LA BARRE;SHAYNE;
DULONG;MILIANN;
DUNCKHORST;CHARIHANE;
DUPIERRIS;FALLOU;
DURAND DE GROSSOUVRE;O�HAN;
DURAZ;OMA�MA;
DURIZOT;RAUF;
DUROIR;MYREILLE;
DYKCIK;NASIMA;
ECHEVARD;AVAH;
EL BOUKHARI;LOUIS-ADRIEN;
ELGHOUL;ANNIE-MARIE;
ELIS;DEVANN;
EL MOUTAOUAKIL;AZA�L;
ELOIDIN;KOLYA;
ENGELBACH;NAAVA;
ENSCH;TITOAN;
ERCKER;SID'AHMED;
ESCALIN;OUAHID;
ESCALLIER;A�LYNE;
ESCAVIS;REMUALD;
ESPARZA;LOUIS-GONZAGUE;
ETILCE;DARIAN;
FAGNIERES;ISHAK;
FAHY;NIVA;
FALAIZEAU;ESOSA;
FALOCI;ANNE-BERENGERE;
FARIA;LYN;
FARIGOULLE;L�ANOR;
FARNARIER;NUCCIA;
FAUSSADIER;NAMIA;
FAUSSOT;LAITITIA;
FEDY;SEMINA;
FELLY;ZOULIHA;
FERRAUX;VISHWA;
FIERET;DJIHAD;
FILIPPONI;KEYSSIA;
FILLEY;NOUHE;
FLORINDO;MEHDY;
FOEHRENBACHER;ADOLIE;
FOLAIN;DRYSS;
FOLGOAS;AUDE;
FOLINAIS;ANGELIQUA;
FOLLEROT;GRACIA;
FONSEQUE;MARIE-ALIZ�E;
FONTY;ROSE-LINE;
FORDOS;ANICETO;
FORLEO;OURIEL;
FORTEMAISON;ALE�NA;
FOUILLAT;VIOLANDA;
FOUILLEUL;BOUZID;
FOULIN;GOEFFREY;
FOURMOND;SUEDA;
FOURNIL;LYLOUE;
FOUTREYN;HITOMI;
FRAGET;TILLIE;
FRANSOIS;OIHID;
FRANZINETTI;GINO;
FREN;SCHAIMA;
FRERY;SONY;
FRESSENCOURT;JUNE;
FRETARD;RUBIN;
FRETEUR;MERVE;
FREYRIA;IZOENN;
FRIESZ;SAMILA;
FRIGNET;WI�ME;
FRINAULT;AYMRICK;
FRITHMANN;PIERRE-CHRISTOPHE;
FROMENTAL;CHARLES-PIERRE;
FRONTE;DIDI;
FUSILLER;MARIE-XAVIERE;
GADONNA;NOMI;
GAGNAISON;ISRAFIL;
GAHOU;MARIE-MORGANE;
GAILLARDON;ALBA;
GALICHON;ATINA;
GAMART;JOSCELYN;
GANTHIER;AMANS;
GAONA;AKIRA;
GARNERONE;EUNYCE;
GARNICHAT;ROBERTIN;
GASCHE;LA�YA;
GASCONS;ALBINA;
GAUCHET;BOUALAM;
GAUDU;PHU;
GAURENNE;KATIANA;
GAUTHRON;AMARANTE;
GAZIN;AUXANE;
GERBOLLET;ABDELRHAMAN;
GEREMIA;NOURDINE;
GERTHOFFERT;OXANE;
GHIRARDI;PIPER;
GIDE;AYANNE;
GILLEN;FRAN�OIS-DOMINIQUE;
GIULIO;LAMYS;
GIVAJA;BENZIANE;
GLAD;HASAN;
GLOUCHE;MACKENZIE;
GOARIN;NAYANNE;
GOCZKOWSKI;MEZYAN;
GOITA;TEMIM;
GOLIK;CAMILLETTE;
GOLLANDEAU;LEYTI;
GOLONKA;SIDALIA;
GOLTAIS;KAELLY;
GORLIER;MOUCHKA;
GORMIT;NISHANTH;
GOUADAIN;CHILD�RIC;
GOUBIOU;MATTIN;
GOUEZIN;ENOLAN;
GOUPILLIERE;AMEDEO;
GOURBILLEAU;YVES-LISE;
GOURDIALSING;THOR;
GOUSSEBAYLE;OUSSEM;
GOUVAZE;SINA;
GRAFFAN;ROMINA;
GRAPOTTE;SA�M;
GRASSONE;LA�SSA;
GRAUGNARD;MEYRON;
GRBIC;LINO;
GREGORJ;SALOMEE;
GRENOM;WAFIA;
GRILLERE;RAFA�LA;
GRINNER;MAHFOUD;
GRONY;OONAGH;
GROUBIER;LOANNE;
GUARNIERI;SHERIDANE;
GUDER;NATIVITE;
GUEHRAR;TASSILO;
GUELENNEC;JACQUES-OLIVIER;
GUENEDAL;PAUL-ANDR�;
GUENEL;ANDR�A;
GUERBADOT;ALFIE;
GUERRAICHE;INCI;
GUEYSSET;INAKI;
GUICHON;ALA;
GUILVERT;HAMISH;
GURIEC;CHA�N;
GUT;ALEXYNE;
GUTIERES;MICHELLE;
HACQUEBEY;ROZANE;
HADJ LARBI;RICCARDO;
HADJOU;MAJID;
HALOUPEAU;PHILEMON;
HAMIAUX;ERIK;
HANSEN;ANITA;
HANTZER;SHAMIL;
HAUTEFEUILLE;MAGALIE;
HEAU;TAKFARINAS;
HEBBE;EMMILIENNE;
HEDOT;JORIK;
HEINTZE;MORWENN;
HELDENBERGHE;AMANN;
HELEINE;ABDELMOULA;
HERKENRATH;CORENTINE;
HERRET;LIZENN;
HEU;MOUKTAR;
HEULLANT;K�SIA;
HILTENBRAND;MARTIAL;
HIMMELSBACH;HAMMADI;
HIRLI;JEAN-EUDE;
HODEMON;LETISSIA;
HOMMEY;JA�LYS;
HOTOIS;FARIDHA;
HOTTON;CAITLEEN;
HOURBETTE;MAIDINE;
HOUSSAIN;ANDRY;
HUAUT;AMBREEN;
HUBERSON;JAHLIA;
HUBSCHMANN;PRIAM;
HUDDLESTONE;MARIE-SOL�NE;
HUSZAR;DJANATI;
IBER;NA�LY;
IRIBARNEGARAY;DELPHY;
IRONDELLE;LORRAINE;
ISANA;JAYLEEN;
ISART;ESTELLINE;
ISTAS;MALIA;
IVAIN;MASSY;
JACARIA;NERLINE;
JAFFRELO;MARLYS;
JAILLANT;WILTORD;
JAILLER;EMERAUDE;
JAMILI;OONA;
JAMINON;CLELIA;
JANES;QUITERIE;
JANODY;KHAMZAT;
JANSSENS;YMEN;
JASZCZYSZYN;JOSELENE;
JAUSSAUD;ENEO;
JBILOU;CIRO;
JEANDAINE;MAYSSOUN;
JEANNOUTOT;SERIGNE-SALIOU;
JEMIN;ROSENA;
JERROUDI;TAI;
JODELAIS;MOHSSINE;
JOFFRAIN;ISSAC;
JOTHY;GUY-MARIE;
KACZALA;LINON;
KAIM;AMANDIN;
KEBBAL;HEYTHEM;
KEIFLIN;ONUR;
KERBRAT;MISIA;
KHATMI;MUHAMED;
KICHOU;BOUHALEM;
KIRBIHLER;EDYNE;
KOTKOWIAK;TYMA�;
KRUCHTEN;ABDOUSSAMAD;
KULHANECT;DIVYA;
KULPMANN;MARIE-ALETH;
KUPIEC;NO�LI;
KUSBERG;JOSHUAN;
LABILE;ADON;
LABOUDIE;LATIFA;
LABRUGNAS;MANECK;
LABRUQUERE;THEANDRE;
LACASSIN;ANDR�-PHILIPPE;
LACHAUX;SIRENA;
LACHMAN;ROCIO;
LAFFARRE;SYMPHORIEN;
LAFILOLIE;MAMMA;
LAFONTE;LORRAIN;
LAGORGETTE;NAJIME;
LALLOUM;TANAEL;
LAMORTHE;BEATA;
LANDRAS;PHOEBIE;
LANDREAUD;MAELIE;
LANXAT;TYPH�NE;
LAPAIRE;LORYNA;
LAPAQUELLERIE;LOMANE;
LAPOLE;ZOBIDA;
LASSANA;NAGUI;
LAUGEE;GENAEL;
LAVIT;BELMIRO;
LAZREGUE;ALIK;
LE BRONEC;JABRANE;
LECHAT;FRAMBOISE;
LECHENAULT;GINNA;
LE DOLLEY;SYLIAN;
LEFAIVRE;SALHA;
LEFEBURE;�VAN;
LE FOLGOC;GATTA;
LE FORT;YANKA;
LEGEE;MOHAMAD;
LE GULUCH;AUDRAY;
LEHEUX;NAH�MA;
LELANDAIS;MONSERRA;
LE LANNIER;OTHMAN;
LEMASSU;POOJA;
LE NADER;Z�LINA;
LENART;NATALI;
LENICOLAIS;ALYX;
LENSELLE;BASILE;
LE OUAY;FATIM�;
LE PINIEC;SEIFEDDINE;
LEPYCOUCHE;PIEL;
LERECLUS;JAYLEN;
LESCAR;YAYA;
LESCOUT;DJEMAA;
LE TROQUER;VITTORIA;
LEULIER;MIRABEL;
LEVAN;KELLA;
LEWANDOWSKI;KENTARO;
LHABITANT;JIMMY;
L'HELGOUALCH;ISSEM;
LHENORET;JOAKIM;
LICTEVOUT;FATIMAZAHRA;
LIETAR;FLAVIANA;
LIGNIEZ;KILYA;
LIGOUZAT;ABDELMOUMENE;
LIMONET;GNOUMA;
LIQUIERE;LUCIE-LOU;
LISSORGUE;REN�-MARC;
LOBIE;YSEULT;
LOBJEOIS;MAME-DIARRA;
LODEHO;GIRAUD;
LOEHLER;LEGER;
LOEVEN;ADDY;
LOKIEC;JULIDE;
LONGNY;VERICA;
LONQUETY;MARIE-R�GINE;
LOOS;LENKA;
LOUIT;MURYEL;
LOUNADI;ABIGAHEL;
LOZUPONE;EDWINE;
LUNER;ANISHA;
LUTAIRE;GHUILAINE;
MACARDIER;LOUIE;
MACCARI;VANNARY;
MADELAINE;MARIE-BERNARD;
MAFE;LUAY;
MAHOBAH;SOREN;
MAISTERRENA;ERICKA;
MAISTERRENA;IWINOSA;
MALANDIN;SAFA�;
MALANGUERRAY;JACEM;
MALBRANCHE;JOLANNE;
MALHIE;MOUMINA;
MAMMARELLA;YELLI;
MANICI;NORA;
MANIOT;NANON;
MANKOUR;DORCA;
MARANGE;TEOMAN;
MARCHAT;TOMMIE;
MARESTAN;MEYDI;
MARLIO;OTHYLIE;
MARMU;DALIYA;
MAROUDE;BRIHANA;
MARRACCINI;LUTETIA;
MARTINIERE;GABRIELI;
MARTINS DA ROCHA;JOELYNE;
MASSELON;CHELSEE;
MASSIT;SADA;
MASURELLE;LILY-ANNA;
MATHECADE;VAYANA;
MATTEI;JOHARY;
MATTEODA;ISILD;
MAUBRAY;SIBYL;
MAUCUIT;ANTONIETA;
MAVEYRAUD;MUCAHIT;
MAZZUCHETTI;NAJEH;
MEDOLAGO;SEID;
MEGHAR;DYLAN;
MEGLIN;KAHYSS;
MEILLERAND;ALICIO;
MEMMA;MARCELLIA;
MENAHEZE;ANASER;
MENEUVRIER;ROSILDA;
MENGEOT;ANNA-LINE;
MENIVAL;ELYAHOU;
MENTELE;MYLANNA;
MEQUIGNON;QASSEM;
MERCKENS;AOUATIF;
MERIGOUT;AYOUBE;
MERIMEE;WIAAM;
MESPOULHES;LIV;
METOUI;YOUNAS;
METRAILLER;MARIE-H�LO�SE;
METRAZ;JEAN-PATRICK;
MEULEAU;SOANNE;
MEURDESOIF;AUREGANN;
MIDI;LAIANA;
MILHOMME;JEAN-LO�C;
MILLEN;ROSIER;
MINCHENEAU;NAYAR;
MIONI;DJEMAI;
MISIACZYK;PETRU-SANTU;
MISSENARD;MA�LANE;
MOAL;JOAB;
MOAN;MAGY;
MOISDON;MAI-ANH;
MOMBER;NEYLAN;
MONCIARDINI;RHALI;
MONDAUT;MARCEL;
MONGY;YAKOUBA;
MONJALET;DJ�NA;
MONJOLE;PATRICIO;
MONMART;LUDGY;
MONNIOTTE;AWEB;
MOORES;LUCKAS;
MOSCHENROSS;HANANNE;
MOSES;AURELIUS;
MOSSON;HENDRIX;
MOUDENS;AYOUBE;
MOURIGAL;JAYDON;
MOUSSARIE;EMILYANA;
MOUSSOUR;MARYNE;
MOUSTAUD;SHALIMAR;
MUNNE;VONNICK;
MURAGLIA;MAYSSAE;
MUSCARA;ROSELAINE;
MUSSOLIN;ANIYA;
MUYLE;SAOSSANE;
M'ZE;MARIJKE;
NACRY;DEREN;
NAISSE;ENAYAH;
NARACH;AURELA;
NARP;FLORANTIN;
NAWAZ;OLINE;
NAYE;CLARY;
NEGOTI;ZOAN;
NEGRO;LAYNE;
NEGRON;IHSSANE;
NEGUEZ;ELVYNE;
NELLE;NASAR;
NENERT;SAFWA;
NESTOUR;LORIS;
NEUMAYER;KEYVEN;
NEZOT;NOAN;
NGUY;GAMAL;
NIAS;TILA;
NIVOY;CHJARA;
NOAILLETAS;NEVAL;
NONI;MONSERRA;
NORESKAL;RUB�N;
NOURTIER;AL�SIA;
OLETTE;EUDES;
OMEL;CHRIS-EMMANUEL;
ORLOVIC;MUHAMAD;
ORQUEVAUX;LYHAN;
OSELE;AFAF;
OURDOUILLIE;MARIE-ANISE;
OUTALEB;RAVI;
PACTOLE-BIRACH;NAYA;
PAGANUCCI;LEE-ROY;
PAGESSE;SA�RA;
PAGNIEN;IHSSANE;
PAILLOCHER;CIARA;
PAINVIN;MOUNSIF;
PALAC;JEAN-DOMINIQUE;
PALOMBO;OUSSAMA;
PAPADACCI;LOHAN;
PAPALIA;KAENA;
PARISIS;LYNO;
PARLE;DANNY;
PARVILLERS;ZAYAD;
PASERO;A�LLE;
PASTORINO;MALEK;
PATHAMMAVONG;MANORA;
PATIGNIEZ;SIDONIO;
PAUL-JOSEPH;JANYNE;
PAUVRE;MAELYCE;
PECKEU;NOUR-IMANE;
PELCENER;MARIE-RACHEL;
PELIAN;JOLINA;
PENELAUD;NOUR-EDINE;
PENNATI;CYRIEL;
PENNAVAYRE;KINCY;
PERCETTI;STANISLAV;
PERRETTO;NEVAEH;
PERREY;MIO;
PERSEHAIE;LISALOU;
PEUTAT;MOHAMED-YASSER;
PEYRONDET;AVELINE;
PHALIAH;SHAYNAH;
PICARDAT;YNESSE;
PIMOUNET;DARIO;
PIROLA;VIKEN;
PIROUELLE;GIANNINA;
PLANET;M�LYN;
PLINET;MARTIALISE;
PLINGUET;MOHAND-AREZKI;
PLOYART;ADILA;
PLUSQUELLEC;MADIE;
POCHOT;AUDE-LINE;
POIBLEAUD;JOHN-EVAN;
POINTELIN;THANA�S;
POMMEROL;TYMOTHE;
POPULIER;ATOUMATA;
PORC;YSSIA;
POSTIL;THONY;
POUEDRAS;AUDETTE;
POUJADE;JOELLA;
POULLET;JACINTA;
POUMET;JALEN;
POUPLY;MAHEVA;
PRESTA;LOUIDJI;
PREVIDENTE;ZITA;
PROCACI;SHARAZADE;
PROCTER;AKISSI;
QUATANNENS;NISETTE;
QUATRESSOUS;MARIE-GLADYS;
QUENUM;IVEN;
QUIN;DAURIANE;
QUIQUEREZ;YELDA;
RABAJOIE;MARIE-ETIENNETTE;
RABOLD;MEVENA;
RADKE;DIYAR;
RAER;RAVZANUR;
RAES;CAULINE;
RAKOTONDRAINIBE;LE�NAH;
RAMBHOJAN;EL-HADJ;
RASCALON;GACEM;
RASSON;PAUL-DOMINIQUE;
RAVAROTTO;FOUNEMOUSSOU;
RAVEL CHAPUIS;MAWADA;
RAVEUX;BINTY;
REDJDAL;MARIE-L�A;
REGILIEN;RAYEN;
REMIGI;CAM�LYA;
RETHIERS;FLOE;
REVEILHAS;LYLYA;
REY-GAUREZ;STEFI;
REYNAUD-PALIGOT;SAME;
REZAIRE;MAHSUM;
RIAZA;�LIOS;
RIBIERAS;YSABEL;
RICHETON;OGUN;
RIMBERT;BOUNA;
RINKENBACH;JAURIS;
RITTAUD;FAZIL;
ROCCON;K�MIL;
ROCHENARD;IKRANUR;
ROGOZINSKI;PIERRE-ALEXANDRE;
ROINE;FREDERIC;
RONDELEUX;NAELLE;
RONDENET;ATTILIO;
RONDONNEAU;FR�DY;
RONGICONI;EXPEDITE;
RONGRAIS;INDRANI;
ROSART;SYNDA;
ROSSBURGER;SHAIN;
ROUARCH;MAHAMANE;
ROUGEUL;PIERRE-DENIS;
ROUQUEIROL;MASSARA;
ROUSSEAUX;LAYANN;
RUEGG;PETERS;
SABAROTS;ABDELHAK;
SACCARO;EFRA�M;
SACCHET;JAIRO;
SAGERET;BRUNHILDE;
SAHRANE;ZOULFA;
SAINDON;KAYLISSA;
SAINT-GUILY;LISANDRA;
SAINTONGEY;TOINE;
SAMIN;DEMET;
SAMO;JOHN-DAVID;
SANDARAN;CELINDA;
SARAGOUSSI;TIMA�;
SARHY;SHIRAZE;
SARRABAYROUSE;SINANE;
SAUTY;MELYSSIA;
SAUZEAU;ANOAR;
SAVARIA;ANDRESSA;
SAVOYA;LOUIS-CLAUDE;
SCHEMANN;KEVIN;
SCHOINDRE;MOLLIE;
SCHWARZENTRUBER;AZDDINE;
SCHWING;MEVIN;
SCULIER;ASAPH;
SEEWALD;OHANNES;
SEGONDI;CLOTAIRE;
SEINE;ALYZEA;
SEMPERE;POLINE;
SENTER;N�VA�;
SERANDON;ARCHIMEDE;
SERMAND;FERNANDE;
SERMET;AENAELLE;
SERMEUS;SLADAN;
SESTER;ELIZA;
SIBELAIT;AICHA;
SICHE;L�NY;
SIDENIER;KENDRIC;
SISSOKHO;WILANN;
SMETTE;ALEYA;
SOBRERO;YEMINE;
SOREDION;S�VERIN;
SORGNARD;LUANN;
SORRIBES;MATHYAS;
SOUCELIER;THYBAUD;
SOUDANI;CHARLY;
SOUQUI;L��LA;
SOUVANLASY;SELSABILA;
SPIRKEL;SAMMANTHA;
SPITZNAGEL;ZACCARI;
SROCZYNSKI;FRANCISZKA;
STABAT;CHAHINEZE;
SUMUREAU;ANDR�-MICHEL;
SURAT;KIMLY;
SUROWY;TYLIO;
SWIERKOWSKI;STEPHANN;
TABARIN;KAYHAN;
TABERKANE;LINA;
TALIK;HUGUES;
TALMEY;EMILIENE;
TAMPERE;FAITH;
TAOUTAOU;FRAN�OIS-ALEXANDRE;
TASSION;AUREANNE;
TAUVIE;YEN;
TAVIAUX;ASSETA;
TAYOL;YVES-HENRI;
TECQUERT;MARYSOL;
TEPAZ;MALISSIA;
TERLES;IUNA;
TESTOR;KL�BER;
TETZLAFF;ARONNE;
THEISEN;ANTONIO-JOS�;
THEOF;MELBA;
THERON;CYBILE;
THORAUD;ASMAOU;
THUNIN;SOULAYMAN;
TOMME;ABDELKHALEK;
TORDEUR;JAHYAN;
TORREGROSA;MEGUI;
TORRES;NILUFER;
TORTINIERE;AMEDY;
TOSETTI;EVORA;
TOTARO;M�LIANA;
TOUABI;ANNE-CHRISTEL;
TOUPIOLLE;SAMEIRA;
TOURNEDOUET;GEORG;
TOUZANI;LARY;
TRABET;JABRIL;
TRAHOT;EYLINE;
TRAMESON;NADIRE;
TREILLY;SHERIN;
TREPREAU;SHREYA;
TRETZ;C�LYANN;
TRIMBUR;ALYSSIA;
TRIOULET;OCTAVIAN;
TROCHAIN;GARLONN;
TROQUEREAU;LIWENN;
TSAI;FAYAD;
TURLURE;SAFA;
UDE;KANTHIO;
VACARESSE;CHAH�N;
VAILLET;YUI;
VAISSIERES;HANNAN;
VALEPYN;KEDY;
VALLEAUX;OZER;
VALLINA;CAHIT;
VALROMEX;NAFILA;
VANDERMAESEN;NADY;
VANDESTEENE;LISE-H�L�NE;
VANDEWYNGAERDE;GWENNINA;
VAN DUFFEL;KINGSTON;
VANDYSTADT;REHAN;
VANMEEN;SAMANA;
VANSTRACEELE;STEPHAN;
VAREZ;SABRILLA;
VARVOU;FLORANIE;
VASINA;MARIKA;
VATBLE;SYLLA;
VATTAUT;TH�R�SE;
VEILER;ABDESSAMED;
VELAY;AURORA;
VENDRELL;ELIEL;
VENIANT;PAULIUS;
VERA;MOUSSIA;
VERCAEMER;SAJIDA;
VERNIERES;JOHNA;
VERQUIN;NYSSIA;
VERSTRAETEN;LAURINNE;
VERVAECKE;FATENE;
VICAIGNE;LAURETTE;
VICHY;RAPHAEL;
VIELJEUX;ARWENN;
VILLELE;L�A-MARIA;
VILLEROY;JAYAN;
VINALS;JIHAD;
VINDRET;CHARLES-AUGUSTE;
VITOT;HAFFIDA;
VITTET;GHANI;
VOITURIEZ;JEAN-GILLES;
VOUILLAT;WESLLEY;
VROLYK;ALTINA;
VUAILLE;KENJI;
WADIN;GAUVIN;
WAFLART;JULIANIE;
WALBRECQUE;GHAITH;
WALME;RAYLAN;
WATA;AINTZANE;
WELCH;THANAIS;
WESTERDYK;LHOU;
WICQUART;JOUDY;
WILKIN;IBA;
WITTERS;JAZON;
WOILLEZ;JULIETTE;
WYBRECHT;ROSE-AIM�E;
YGOUT;TANIYA;
YVET;SANIYA;
ZARCHER;NEWEL;
ZAVROSA;FLORESTINE;
ZEMA;MARIA-GRACIA;
ZERDOUM;GRISELDA;
ZITT;YDRISS;
ZONGHERO;IZZA;
ZUSSA;SAHIL;
